email,provider_id,password,name,profile_image_path,channel_image_path,description,gender,birthday,createdAt,updatedAt
a@naver.com,NULL,$2b$12$iry5W3zGCu8oUhqhpeOAx.61k.BONtykJlgU.4wNKgqHzE9Cnol0y,aaa,NULL,NULL,NULL,female,2023-11-08,"2023-11-28 22:04:02","2023-11-28 22:04:02"
aaaa@naver.com,NULL,$2b$12$YmQvRbvTbZmxMFgxhy4f/eWf34YHnwR/OP3Qa3nJma6A7r6.l0jUK,aaaa,NULL,NULL,NULL,female,,"2023-11-28 21:30:27","2023-11-28 21:30:27"
Alexanne27@gmail.com,NULL,$2b$12$rhRN5rmh4saZez2wGs5IzeEqi.8w/WCV0ZttiqMW8NMwIL4.DYmfS,"Ricky Wolf-Buckridge IV",NULL,NULL,NULL,female,"Sat Jan 09 1982 06:53:57 GMT+0900 (한국 표준시)","2023-11-28 22:08:08","2023-11-28 22:08:08"
Alize55@gmail.com,NULL,$2b$12$mtsSSKeT0utLTHlI07YPo.Yrb2k4M7Yqtu6uhCDL9MkR23c1.9jf6,"John Kulas",NULL,NULL,NULL,female,"Wed Jul 20 1988 02:07:14 GMT+1000 (한국 하계 표준시)","2023-11-28 22:07:36","2023-11-28 22:07:36"
Alvena80@hotmail.com,NULL,$2b$12$ZhV7ISlvu/dTkIfIK2xb.OOchelfogMZVUZbLSZertJBHZSmIWKx.,"Dr. Dustin Lueilwitz",NULL,NULL,NULL,female,"Sat Jan 19 1952 02:41:08 GMT+0900 (한국 표준시)","2023-11-28 22:07:43","2023-11-28 22:07:43"
asd@naver.com,NULL,$2b$12$cHiCfYNl.1x2cH/8oV9dA.D3sLeE67ETOzRtnSf/t3hn37H/4Bbq2,Kim,NULL,NULL,NULL,female,,"2023-11-28 22:03:35","2023-11-28 22:03:35"
Augustus_Quigley@yahoo.com,NULL,$2b$12$imEIpxwIOqCwrMITYeuPnemSMyDIsQrRJ7HvfBadEIKOIj/HRqe6q,"Jo Hilll DDS",NULL,NULL,NULL,male,"Tue Oct 16 1973 14:19:54 GMT+0900 (한국 표준시)","2023-11-28 22:07:44","2023-11-28 22:07:44"
Aurelio.Ritchie9@yahoo.com,NULL,$2b$12$boT4JU37sljUFyLdr9rJbO3Z0IRIyK0kDaeG5szPj.hDvcfEDD/7m,"Alicia Hauck",NULL,NULL,NULL,female,"Tue Jan 15 1952 04:45:10 GMT+0900 (한국 표준시)","2023-11-28 22:07:48","2023-11-28 22:07:48"
Baylee66@hotmail.com,NULL,$2b$12$ap1bO2p6KnE5pP652N5UFuO4ik.89aATtPvIzOKHvgsnajw6hSCuq,"Felicia Kuhlman",NULL,NULL,NULL,female,"Thu May 04 1967 05:51:15 GMT+0900 (한국 표준시)","2023-11-28 22:08:07","2023-11-28 22:08:07"
Benedict28@yahoo.com,NULL,$2b$12$5lDgmN35Gz9If91Ioa4YpuSk3JauOORqpldxGJawFkPd8EolP6FiO,"Debbie Hirthe",NULL,NULL,NULL,female,"Sun Dec 29 1985 22:48:32 GMT+0900 (한국 표준시)","2023-11-28 22:07:37","2023-11-28 22:07:37"
Benton92@hotmail.com,NULL,$2b$12$HZuWCUnwu9rjSRBcbLnozutOcypVCkja36iBAkiOr03rqPhgTxATi,"Jaime Ratke",NULL,NULL,NULL,male,"Thu Oct 28 1948 13:33:23 GMT+0900 (한국 표준시)","2023-11-28 22:08:00","2023-11-28 22:08:00"
Bette.Strosin63@yahoo.com,NULL,$2b$12$eUULvrQoNjjXZSdgEVNQbenAlXgjSVnW6D43hu2S6La68uYG1zEuW,"Ruben Mills",NULL,NULL,NULL,male,"Sun Mar 21 1943 15:58:27 GMT+0900 (한국 표준시)","2023-11-28 22:07:41","2023-11-28 22:07:41"
Brice_Orn29@yahoo.com,NULL,$2b$12$wv9h14biKqRI3tf3ODEqM.IZn61vRfR5JcZDtjq9XT3SCBy7sLzAO,"Oliver McKenzie",NULL,NULL,NULL,female,"Mon Aug 05 1985 13:39:15 GMT+0900 (한국 표준시)","2023-11-28 22:07:59","2023-11-28 22:07:59"
Brooks26@yahoo.com,NULL,$2b$12$CtVOFHC1BwcLYT1Fh4B92embfZ.0Vhiuv/OwVBd6z0pPtMjGPnMzy,"Michele Cormier",NULL,NULL,NULL,male,"Sun Apr 13 1969 03:59:51 GMT+0900 (한국 표준시)","2023-11-28 22:07:36","2023-11-28 22:07:36"
Bryana_Mills@hotmail.com,NULL,$2b$12$dgEFHHte/jl4zvcKTw1iS.eT8vN60BYH7g5lhsm8YPVstoLimHR22,"Doreen Walsh",NULL,NULL,NULL,female,"Mon Jun 24 1946 22:23:29 GMT+0900 (한국 표준시)","2023-11-28 22:07:39","2023-11-28 22:07:39"
Burley41@yahoo.com,NULL,$2b$12$9X62jH6hBaXaESjT6Vq3Vetz7FV2uwvrGSyS719dOLTA8NKbjyz62,"Sarah Swaniawski",NULL,NULL,NULL,male,"Mon Oct 22 2001 21:16:30 GMT+0900 (한국 표준시)","2023-11-28 22:07:56","2023-11-28 22:07:56"
Camden_Sauer73@gmail.com,NULL,$2b$12$Jh3n9eCQwzOH19dE5WdIFuzjxS9ymcQKJo6SRRauxMz3715S8umKe,"Kent Howell",NULL,NULL,NULL,female,"Mon Dec 13 1982 06:50:05 GMT+0900 (한국 표준시)","2023-11-28 22:06:49","2023-11-28 22:06:49"
Camryn_Ziemann@hotmail.com,NULL,$2b$12$y6l6s.Qy6ed6R4nHGKSVGOAWu22lEaBGbK1iDTGzhMq92zAd46rKO,"Ebony Stehr",NULL,NULL,NULL,female,"Wed Jun 23 2004 23:06:21 GMT+0900 (한국 표준시)","2023-11-28 22:07:43","2023-11-28 22:07:43"
Cecile.Wisozk@hotmail.com,NULL,$2b$12$sbDzRBtFQH5uoTQh/c.vj.yENEPA4nrbFguz6DMnOg0yEAZreVCnO,"Russell Lesch",NULL,NULL,NULL,male,"Tue Feb 02 1943 21:15:11 GMT+0900 (한국 표준시)","2023-11-28 22:07:47","2023-11-28 22:07:47"
Cecile20@hotmail.com,NULL,$2b$12$XxDIuoJIkBXOVs/uAXpHLO1uCm9suBx7P3ST3VaYn8u.Zr/bXBcry,"Myra Jast",NULL,NULL,NULL,female,"Sat Mar 09 1974 02:12:18 GMT+0900 (한국 표준시)","2023-11-28 22:07:37","2023-11-28 22:07:37"
Cielo.Donnelly@yahoo.com,NULL,$2b$12$5.V9gWvXCXcv8l6JFkM8w.lmlBzpOtUGJfqaHKrEw3J.mWOTx0jxW,"Chelsea Gutkowski",NULL,NULL,NULL,female,"Tue Feb 19 1946 02:01:34 GMT+0900 (한국 표준시)","2023-11-28 22:08:00","2023-11-28 22:08:00"
Coby.Kunde-Conroy88@gmail.com,NULL,$2b$12$1Nj.2jmufUIorxuSnD5Ho.kCDfdMHx3G9ASzrj1WSiIcfsD.JcDvW,"Mr. Max Cummerata",NULL,NULL,NULL,female,"Tue Feb 25 1975 22:40:44 GMT+0900 (한국 표준시)","2023-11-28 22:08:06","2023-11-28 22:08:06"
Colton_Howe75@yahoo.com,NULL,$2b$12$xsvQ6z30jgxLECvEIwyBR.a/szjYjTuVQLCXGYmpDcY39JZKOMfda,"Lawrence Huel",NULL,NULL,NULL,male,"Mon Mar 04 1991 23:09:58 GMT+0900 (한국 표준시)","2023-11-28 22:07:38","2023-11-28 22:07:38"
Cristobal22@yahoo.com,NULL,$2b$12$VXKWZQQoy4iV9Q.5tfnHn..8g/33BkHUl0f8Kv7s/UiJGxkV0qQai,"Ron Erdman",NULL,NULL,NULL,female,"Thu Feb 10 1955 12:49:38 GMT+0830 (한국 표준시)","2023-11-28 22:08:02","2023-11-28 22:08:02"
Dawn92@yahoo.com,NULL,$2b$12$4.6CQ8BpsZI8l6bE2Mml4.b1jpWSxaGI/QpufCCBpfv6jPnq/dwKO,"Alex Reinger",NULL,NULL,NULL,male,"Sun Apr 27 1952 11:10:48 GMT+0900 (한국 표준시)","2023-11-28 22:07:52","2023-11-28 22:07:52"
Dejon67@gmail.com,NULL,$2b$12$.8CcjRwm/1bKF/7k51X3aOGVnUe9pwE3OGk/bTGdUpP40AtUmchAu,"Leticia Russel",NULL,NULL,NULL,male,"Tue Jun 13 1978 12:32:35 GMT+0900 (한국 표준시)","2023-11-28 22:08:00","2023-11-28 22:08:00"
Dewayne.Daugherty@yahoo.com,NULL,$2b$12$WOAKVbn3SHMsqGfrFTnOgOZJJYEmqUQ3ixRtWvVaHiQezT/LxmJkW,"Dianne Blick",NULL,NULL,NULL,female,"Wed Apr 18 1945 12:33:29 GMT+0900 (한국 표준시)","2023-11-28 22:08:02","2023-11-28 22:08:02"
Ebba_Crona88@gmail.com,NULL,$2b$12$D/wRpaUij/je4W4X3yOXBOjbDwIKIw0WUkqF9i6kGCxnhCFX9aCY.,"Dr. Allan Prohaska",NULL,NULL,NULL,male,"Wed Nov 26 1986 19:56:39 GMT+0900 (한국 표준시)","2023-11-28 22:07:40","2023-11-28 22:07:40"
Edmund.Reilly@hotmail.com,NULL,$2b$12$kSKas8E2BvIE0z.7R9TID.iQ8z46Z/EtoF9sTKTInUAHhMS7W99Iu,"Luke Durgan",NULL,NULL,NULL,male,"Tue Apr 24 2001 18:12:07 GMT+0900 (한국 표준시)","2023-11-28 22:06:52","2023-11-28 22:06:52"
Eliza.Price95@gmail.com,NULL,$2b$12$bLX3IMo.fjo98xugY6TNe.OG76oKBFBe2ynrcZYco45CV3ekt9lm2,"Spencer Bradtke",NULL,NULL,NULL,female,"Fri Jul 16 1971 11:50:29 GMT+0900 (한국 표준시)","2023-11-28 22:08:09","2023-11-28 22:08:09"
Emilia_Crist-Rosenbaum@gmail.com,NULL,$2b$12$m.8CG4iWmUb0W2el7e6PYOKrGxW1ALro7UtyumdeyekPch.2eQS9G,"Maggie Gusikowski",NULL,NULL,NULL,female,"Sat Oct 07 1944 23:42:50 GMT+0900 (한국 표준시)","2023-11-28 22:06:52","2023-11-28 22:06:52"
Emmitt_Bode3@gmail.com,NULL,$2b$12$Gm3XLXalgz4Mj2UH6eBkwOuxxrrEP8y5XR/8HTmE0nEnOj.2aDm96,"Randolph Glover",NULL,NULL,NULL,female,"Mon Jan 25 1993 12:02:24 GMT+0900 (한국 표준시)","2023-11-28 22:06:50","2023-11-28 22:06:50"
Ethyl73@yahoo.com,NULL,$2b$12$8j79F7xu4kmkcaXpReiks./XqNFGmmOhIukDT7HnAbb2UUic626iu,"Johnathan Konopelski",NULL,NULL,NULL,male,"Fri Mar 10 1995 21:03:56 GMT+0900 (한국 표준시)","2023-11-28 22:06:50","2023-11-28 22:06:50"
Evert_Olson@yahoo.com,NULL,$2b$12$4t67otDHC8KFVMaFKta6D.YErl37r.oLvvUYDWifUwutff/EWMtke,"Rex Kertzmann",NULL,NULL,NULL,female,"Wed Nov 22 1967 03:45:08 GMT+0900 (한국 표준시)","2023-11-28 22:07:42","2023-11-28 22:07:42"
Felipe.Stroman@yahoo.com,NULL,$2b$12$oz1J9zHBLstGTH7nB9Vgluv8dOk8jflXCnlEPmkrtORXcf5tTXy9G,"Bridget Treutel",NULL,NULL,NULL,female,"Wed Nov 13 1957 09:09:22 GMT+0830 (한국 표준시)","2023-11-28 22:08:03","2023-11-28 22:08:03"
Gonzalo_Blick@yahoo.com,NULL,$2b$12$AtDHcg9EwtKP5ys5g/NfOe4/BQuT3dNHNKBXqpGGUgsVoXg5GlNEa,"Jodi Lesch",NULL,NULL,NULL,male,"Mon Nov 17 1980 20:41:49 GMT+0900 (한국 표준시)","2023-11-28 22:07:37","2023-11-28 22:07:37"
Greyson_Kilback28@hotmail.com,NULL,$2b$12$i4gHm6wBi797JNoMKANWVuXLzgPVTsrCbCpUvcwmtNWaGq5wJ9cb2,"Mr. Douglas Spinka V",NULL,NULL,NULL,male,"Sun Jan 07 1968 00:46:44 GMT+0900 (한국 표준시)","2023-11-28 22:07:44","2023-11-28 22:07:44"
Hazle.Hilpert@gmail.com,NULL,$2b$12$b1lMq9oRGMHefwYTPLq4VO6b7aPUtx8Ycpp1XUblqLgJPl6pfi0XW,"Herbert Runolfsdottir",NULL,NULL,NULL,male,"Tue Nov 17 1992 18:38:08 GMT+0900 (한국 표준시)","2023-11-28 22:07:47","2023-11-28 22:07:47"
Helene.Murazik77@yahoo.com,NULL,$2b$12$jsR15QSmAGTzxWXLKgxKyO2dFdMAa/GFmXGRHCLYpriV.PAWr9pEC,"Ross Durgan",NULL,NULL,NULL,female,"Tue Jan 12 1993 14:40:40 GMT+0900 (한국 표준시)","2023-11-28 22:07:52","2023-11-28 22:07:52"
Hulda.Koss34@hotmail.com,NULL,$2b$12$v2bHs3JJDnHew/GCJmDEvu6.ZNJEKzYM05xSzgHKLg2oQc6VaA/L2,"Evan Walter",NULL,NULL,NULL,male,"Sat Sep 07 1963 00:49:10 GMT+0900 (한국 표준시)","2023-11-28 22:08:07","2023-11-28 22:08:07"
Ilene_Jacobson@hotmail.com,NULL,$2b$12$pz2wh017o74tmIgwP56inepcs0ZlhPnUqNCf/aoChhgoHC3Z6Pcs2,"Rudolph Blanda",NULL,NULL,NULL,male,"Sat Apr 03 1948 08:53:21 GMT+0900 (한국 표준시)","2023-11-28 22:07:36","2023-11-28 22:07:36"
Imelda32@hotmail.com,NULL,$2b$12$BP.Qq3zxusphDGqlv1jHy.A.a2ub2uaDkvbhY4uV7oCqjkoR1zkSm,"Dr. Alberto Sipes",NULL,NULL,NULL,female,"Tue Jul 27 1954 08:11:49 GMT+0830 (한국 표준시)","2023-11-28 22:07:45","2023-11-28 22:07:45"
Isabell4@gmail.com,NULL,$2b$12$r6KP8A.cjfXPDswVjwMTbOwxECa2JRq8NUDWKbB9dROX3cAFeuxx2,"Emilio Lueilwitz",NULL,NULL,NULL,female,"Sun Nov 07 2004 06:44:27 GMT+0900 (한국 표준시)","2023-11-28 22:07:44","2023-11-28 22:07:44"
Isabella_Schultz15@hotmail.com,NULL,$2b$12$i6w9UgTJW3lWRh7uDCl1NuVmB3.4vEgqPio8ejumfZqMh44b29lE6,"Dr. Curtis Bergnaum",NULL,NULL,NULL,male,"Wed Apr 28 1982 21:07:17 GMT+0900 (한국 표준시)","2023-11-28 22:07:43","2023-11-28 22:07:43"
Jada63@yahoo.com,NULL,$2b$12$P6DRb2sRK4YW6tdEsMBliuzMaTQDilNhyRZzL74p78i1TA7RtQRda,"Darrel Schneider",NULL,NULL,NULL,female,"Sat Mar 17 1956 17:53:51 GMT+0830 (한국 표준시)","2023-11-28 22:07:56","2023-11-28 22:07:56"
Jamey.Hansen17@gmail.com,NULL,$2b$12$paJBCP2uV2NUZ4OXLeIxhuuo05ORoPQw.M1X6VvcXLQShqja53hH.,"Elvira Konopelski",NULL,NULL,NULL,female,"Sun May 28 1961 04:44:15 GMT+0830 (한국 표준시)","2023-11-28 22:07:39","2023-11-28 22:07:39"
Jaqueline54@gmail.com,NULL,$2b$12$AuJK.fsCOt/mztCHK7a.9eiDm09W10/AouNasJXMZJZ5KqQZpUHO.,"Joyce Lang",NULL,NULL,NULL,male,"Thu Mar 09 1972 18:29:28 GMT+0900 (한국 표준시)","2023-11-28 22:07:50","2023-11-28 22:07:50"
Jaunita_Satterfield14@hotmail.com,NULL,$2b$12$vBtrHNoQ/phpTRH30VZpD.rURqLFKH.mZd19tnuMXTBEctO6lgCzi,"Karen Grimes",NULL,NULL,NULL,male,"Fri Feb 06 1998 16:19:45 GMT+0900 (한국 표준시)","2023-11-28 22:07:58","2023-11-28 22:07:58"
Jaycee.Wiegand65@yahoo.com,NULL,$2b$12$5dHsvsVl2H8ut5AQtnvUMOTR6XG5M5sn.TPcEmRUOJydlJSkVQBdm,"Lucas Hackett",NULL,NULL,NULL,male,"Sun Dec 18 1983 11:19:02 GMT+0900 (한국 표준시)","2023-11-28 22:07:58","2023-11-28 22:07:58"
Jayne_Feil23@hotmail.com,NULL,$2b$12$BjfaGjoIszZfaKvl7DU29up.zcJ9SaPKfTuECCD7QTR63tP6zTnXe,"Bruce Weimann",NULL,NULL,NULL,female,"Thu Oct 28 1971 17:40:36 GMT+0900 (한국 표준시)","2023-11-28 22:08:04","2023-11-28 22:08:04"
Jefferey_Metz25@hotmail.com,NULL,$2b$12$dEYYQQSVojMbScch8Dh68epiVl0DutDoEuE0LO4zQd8VQpLwHZxYy,"Mr. Dustin McGlynn",NULL,NULL,NULL,male,"Thu Sep 10 1959 16:13:48 GMT+0930 (한국 표준시)","2023-11-28 22:07:42","2023-11-28 22:07:42"
Juliet.Schmitt52@hotmail.com,NULL,$2b$12$3SshaiyL4qhdjvk4tZ5.NeRrg93r2y6FB7g4rczhPrRLIhCZFybFm,"Dan Witting",NULL,NULL,NULL,male,"Thu Jun 04 1959 06:02:05 GMT+0930 (한국 표준시)","2023-11-28 22:07:52","2023-11-28 22:07:52"
Keeley.Rolfson-Jerde7@gmail.com,NULL,$2b$12$t0zxb/l3Wdztf.0gd0vzf.V7XsOCBoX1KTspZgEw3TSgKh/VgXXva,"Mike Wuckert",NULL,NULL,NULL,male,"Wed Jul 28 1954 22:33:16 GMT+0830 (한국 표준시)","2023-11-28 22:07:45","2023-11-28 22:07:45"
Keith.Emmerich@gmail.com,NULL,$2b$12$2b5AMqH59KJTxTvxUEvtjuZy1o8LYQdVcu8EqnBPuWE6B52CdTDga,"Laura Prohaska MD",NULL,NULL,NULL,male,"Wed Sep 01 1993 12:14:06 GMT+0900 (한국 표준시)","2023-11-28 22:07:49","2023-11-28 22:07:49"
Kennedi14@gmail.com,NULL,$2b$12$bUbu3vl3YR7i2NOPbAYUWu91T5RwLSOzYcY.4sOb3XncpVY/SIdJ6,"Ms. Melinda Berge",NULL,NULL,NULL,female,"Fri Sep 06 1957 07:48:47 GMT+0930 (한국 표준시)","2023-11-28 22:07:54","2023-11-28 22:07:54"
kim@naver.com,NULL,$2b$12$.Gvqoqo0VAzBG6zFw.1owuXu2z1VRR183VpG1wViVIfkFoxwfukQ2,Kim,NULL,NULL,null,female,,"2023-11-28 21:29:57","2023-11-28 22:00:59"
Kirk52@gmail.com,NULL,$2b$12$DEiC3xVfFC6bbz2mCYOi5uO1CvAHNpOJqv7TiFIytQKiZPSZYpfA2,"Pauline Effertz",NULL,NULL,NULL,male,"Sun Aug 29 1971 07:47:13 GMT+0900 (한국 표준시)","2023-11-28 22:07:42","2023-11-28 22:07:42"
Kirk55@hotmail.com,NULL,$2b$12$VKKTTscG3zdIhdXLaxzil.2IHAlyw9Xxw.FtMjRqr9Emf.MF47jTy,"Mike Bosco",NULL,NULL,NULL,male,"Thu Apr 28 1983 08:26:11 GMT+0900 (한국 표준시)","2023-11-28 22:08:02","2023-11-28 22:08:02"
Kristofer32@gmail.com,NULL,$2b$12$eZiNc19wFju4GjzlY4xYbewE89hwEUwcDbXbpkKtIpyhLJ1x31vNS,"Mandy Schiller",NULL,NULL,NULL,female,"Tue Jul 02 2002 19:48:51 GMT+0900 (한국 표준시)","2023-11-28 22:08:01","2023-11-28 22:08:01"
Kyla15@yahoo.com,NULL,$2b$12$hJBnzfNYXoNlB4RD2exqPOYuJIx0ncxYoI7Rr/VTjFdg3ltH7Sk2K,"Travis O'Kon",NULL,NULL,NULL,male,"Tue May 29 1951 18:14:44 GMT+1000 (한국 표준시)","2023-11-28 22:06:51","2023-11-28 22:06:51"
Laurine85@hotmail.com,NULL,$2b$12$BAzvQevTuzOIuU6hC7lHzedC9R9F8oWA39Wdd//yoziNGLnca91f6,"Albert Smith",NULL,NULL,NULL,female,"Fri Apr 23 1965 21:45:21 GMT+0900 (한국 표준시)","2023-11-28 22:07:50","2023-11-28 22:07:50"
Laury82@hotmail.com,NULL,$2b$12$gw1pbhVFeiN4T.Pq2g7hsOHHKaPajvAH/7HzB6LIDerSnh0vrti.e,"April Bernier",NULL,NULL,NULL,female,"Wed Jun 17 1987 10:29:36 GMT+1000 (한국 하계 표준시)","2023-11-28 22:07:47","2023-11-28 22:07:47"
Lelia_Collins@gmail.com,NULL,$2b$12$qtPHa3LEiq/mWZzkojXh5OBvyxk0bRxT50VMeXjBCqp03dUXrW.v2,"Belinda West",NULL,NULL,NULL,female,"Sat Feb 15 1992 18:24:21 GMT+0900 (한국 표준시)","2023-11-28 22:08:05","2023-11-28 22:08:05"
Leone_Conn@yahoo.com,NULL,$2b$12$IZ8u57ZcjOAmgyVXNsEPWOCqUUABGq3i1EuLc3ZNp1bY2uXG3bM5q,"Mercedes Schimmel",NULL,NULL,NULL,female,"Thu Oct 17 2002 19:35:30 GMT+0900 (한국 표준시)","2023-11-28 22:08:06","2023-11-28 22:08:06"
Lina_OReilly@yahoo.com,NULL,$2b$12$Z7pKiGRmla7mGcCTcg1gIOrH360fg9fWug5Ua7mZxyrKZC6QdsTXa,"Bertha McKenzie",NULL,NULL,NULL,female,"Sun Mar 20 1994 18:47:52 GMT+0900 (한국 표준시)","2023-11-28 22:07:48","2023-11-28 22:07:48"
Lindsay_Doyle9@gmail.com,NULL,$2b$12$KqBfclTryySy1oShhZNVdOrHLzJXshq1s5WfnyDSOVhsIpDMgLPS.,"Mrs. Lydia Lynch",NULL,NULL,NULL,female,"Mon Jan 04 1965 10:53:09 GMT+0900 (한국 표준시)","2023-11-28 22:07:50","2023-11-28 22:07:50"
Louvenia_Braun50@yahoo.com,NULL,$2b$12$7NTjJIxiOt2sSvAeQC09P.VpaowKrXYLpACzrAz6bdmCDB3hdv1/m,"May Lehner",NULL,NULL,NULL,male,"Thu Sep 23 1948 17:18:38 GMT+0900 (한국 표준시)","2023-11-28 22:08:04","2023-11-28 22:08:04"
Luis.Bergnaum29@gmail.com,NULL,$2b$12$94kTAkETs4DoxBwyFwI4bunbHR/SSWdJN6FeuvObebv0009DAQRzi,"Miguel Lowe",NULL,NULL,NULL,male,"Wed Dec 05 1945 18:00:10 GMT+0900 (한국 표준시)","2023-11-28 22:07:57","2023-11-28 22:07:57"
Mabel90@gmail.com,NULL,$2b$12$0cbmdqtQx/IxNKWviVowcuG10yOiKqiXZ2y6zkA5vLzM6PlGr9w5m,"Horace Mueller Sr.",NULL,NULL,NULL,male,"Mon Oct 16 1978 06:31:13 GMT+0900 (한국 표준시)","2023-11-28 22:07:49","2023-11-28 22:07:49"
Malcolm.Wiegand@gmail.com,NULL,$2b$12$NoRBM/VzAug6W6CTY/Cio.MgnKCB3XlUe04OSoMKgePC0NFpRmp46,"Stephen Christiansen",NULL,NULL,NULL,female,"Thu Dec 07 1989 21:59:03 GMT+0900 (한국 표준시)","2023-11-28 22:07:48","2023-11-28 22:07:48"
Marcelle.Kris95@yahoo.com,NULL,$2b$12$I7Udy080so87ptMMeErcxOL1Xa2Hq4Cj2QhKV4VAQF4GGx41Qd5rO,"Angelo Lesch",NULL,NULL,NULL,female,"Mon Nov 24 2003 22:40:06 GMT+0900 (한국 표준시)","2023-11-28 22:07:59","2023-11-28 22:07:59"
Mariam54@yahoo.com,NULL,$2b$12$Biwea37HC6d51OvsHR3kquqk8hKRK0ghF/5eFXv41u9SS3o2YRv9O,"Marcus Haag",NULL,NULL,NULL,female,"Tue Aug 26 1986 08:15:50 GMT+0900 (한국 표준시)","2023-11-28 22:07:46","2023-11-28 22:07:46"
Marina_Schaden43@gmail.com,NULL,$2b$12$fov2zbDsc43Cq8uKDK2HgujLC78D0Q4fWYavn2SJDPn8nqvuXfJ6a,"Darrin Botsford Jr.",NULL,NULL,NULL,female,"Fri May 23 1980 22:16:16 GMT+0900 (한국 표준시)","2023-11-28 22:06:50","2023-11-28 22:06:50"
Mason_Buckridge45@yahoo.com,NULL,$2b$12$iXIWx.bkNdd7WYW.nPnBT.93uCxYQvsBPzSIL6nln2.C6RzbfbkmG,"Irma Smitham",NULL,NULL,NULL,male,"Mon Sep 05 1955 01:13:57 GMT+0930 (한국 표준시)","2023-11-28 22:07:45","2023-11-28 22:07:45"
Mason.Streich60@gmail.com,NULL,$2b$12$6myDsrOnejPvKcSc4MuBo.UQYJxKGWOBCviwo/q1hPYzVNkmaIDui,"Wendy Wintheiser",NULL,NULL,NULL,female,"Tue Feb 06 1979 19:53:41 GMT+0900 (한국 표준시)","2023-11-28 22:06:51","2023-11-28 22:06:51"
Maudie.Nolan@gmail.com,NULL,$2b$12$ScNuJdqrZfnBWxavnxNUku04r3eEkaw6GUgJapLISuFs51/LyK6O.,"Marlon Harris",NULL,NULL,NULL,female,"Fri Jul 16 1976 09:56:50 GMT+0900 (한국 표준시)","2023-11-28 22:08:05","2023-11-28 22:08:05"
Melvin.Zemlak50@yahoo.com,NULL,$2b$12$MNtfgKaHo5mQkb00uq186OCZmqIBxOhOAwF.diuno2hKxTV8XnUzu,"Priscilla Beier",NULL,NULL,NULL,male,"Wed Mar 16 1966 04:24:05 GMT+0900 (한국 표준시)","2023-11-28 22:08:03","2023-11-28 22:08:03"
Melvina.Konopelski17@yahoo.com,NULL,$2b$12$tDHuRHA/GH2IWjzxmsgwn.yLdP1bOw8Uiqux8tdOjzNKG0OwUYqvu,"Chelsea Willms",NULL,NULL,NULL,male,"Thu May 15 1947 21:14:59 GMT+0900 (한국 표준시)","2023-11-28 22:07:51","2023-11-28 22:07:51"
Micheal73@yahoo.com,NULL,$2b$12$jitADsyiWvK/xilDwaaETOdsyaAGYIPA423K3Amj.PZ55H31Z5276,"Curtis Ruecker",NULL,NULL,NULL,female,"Thu Aug 28 1958 08:21:50 GMT+0930 (한국 표준시)","2023-11-28 22:08:01","2023-11-28 22:08:01"
Nathanael.Paucek@hotmail.com,NULL,$2b$12$ehitDS6kXJU2duN1Nus1z.FEFCWotJN5WV1no.T5AQMbX5k.6QBfC,"Shannon Abshire",NULL,NULL,NULL,female,"Wed Aug 23 1967 02:35:55 GMT+0900 (한국 표준시)","2023-11-28 22:07:55","2023-11-28 22:07:55"
Nathanial_Turcotte@gmail.com,NULL,$2b$12$lL1q7yArQkFFTPHwhB9BBuVfQ3PLxg2.znck1V/kIIDGJ7pymcUHS,"Jeannette Fay",NULL,NULL,NULL,male,"Mon Aug 12 1991 01:58:24 GMT+0900 (한국 표준시)","2023-11-28 22:07:40","2023-11-28 22:07:40"
Oceane14@yahoo.com,NULL,$2b$12$XaNVDzdA37mQMo4RKMcRGu/v.04bs4rOJ45S87DZhdbqDSw73/Upe,"Fannie Gutmann",NULL,NULL,NULL,female,"Mon Apr 15 1974 22:20:48 GMT+0900 (한국 표준시)","2023-11-28 22:07:57","2023-11-28 22:07:57"
Orion87@hotmail.com,NULL,$2b$12$625TyHLgz6IVLqRvX3L0jOYNdso.eA5KrzfyMhfhGln8iOBFpnDji,"Melody Vandervort",NULL,NULL,NULL,male,"Sat Jul 18 1953 08:26:37 GMT+0900 (한국 표준시)","2023-11-28 22:08:07","2023-11-28 22:08:07"
Penelope89@yahoo.com,NULL,$2b$12$XGTd.3PsvcBVfdRYiT1PLudmAty631TZTLJ2KpMRb7jwdMuMN//zO,"Inez Gulgowski",NULL,NULL,NULL,male,"Fri Apr 16 1954 16:42:38 GMT+0830 (한국 표준시)","2023-11-28 22:07:40","2023-11-28 22:07:40"
qqqq1111@naver.com,NULL,$2b$12$3iNiP2EJBubhVOQryXgGDO2kDS9LkH/CNkKW6p/hJAzLobADRe1BO,qwer,NULL,$2b$12$vSCcJpwsUXxJgnDwpYtfeM3C5Cv37jRIoudiC.1iyWr2yL4wEZSS.png," ",female,,"2023-11-28 21:30:13","2023-11-28 22:04:03"
Rey25@hotmail.com,NULL,$2b$12$251SRnh5qjp4UNITqAl6JOl5Uz3NZkKihiBY/PKt.apdpErTXvjDq,"Candace Lubowitz",NULL,NULL,NULL,male,"Mon Jul 31 1972 14:41:38 GMT+0900 (한국 표준시)","2023-11-28 22:06:49","2023-11-28 22:06:49"
Ricardo86@hotmail.com,NULL,$2b$12$aILoGVNy5cONUuTOjnRQqObXCcp.dHYCjvEFTO1pgZA4oIQfqMJ6K,"Salvatore Ernser",NULL,NULL,NULL,female,"Fri Oct 07 1949 09:08:22 GMT+0900 (한국 표준시)","2023-11-28 22:07:53","2023-11-28 22:07:53"
Rosalia30@gmail.com,NULL,$2b$12$XxuW9cnhm5EF6r1nrRTgMOPERPYw0l/HlK1m5juFeH7EuiY38EQZ2,"Jessica Kessler",NULL,NULL,NULL,male,"Sun Nov 23 1958 09:02:42 GMT+0830 (한국 표준시)","2023-11-28 22:07:41","2023-11-28 22:07:41"
Rosemary37@yahoo.com,NULL,$2b$12$vuJrvjf42547W8cgVmJqJec84q9R0UwmfGEfkDd8WQHc.DuRIxLLO,"Santiago Abbott",NULL,NULL,NULL,female,"Fri Feb 20 1959 11:49:18 GMT+0830 (한국 표준시)","2023-11-28 22:07:38","2023-11-28 22:07:38"
Rowland.Lehner6@gmail.com,NULL,$2b$12$Qu9BWAbHV8ogeNAhBb/JDucwbrmzRIuoZg98sKwBLPOEzInR2122.,"Ricardo Satterfield",NULL,NULL,NULL,female,"Wed Apr 10 1963 22:57:39 GMT+0900 (한국 표준시)","2023-11-28 22:08:04","2023-11-28 22:08:04"
Rylan19@gmail.com,NULL,$2b$12$NL4nHBTaGJt.hQKfF8ZhQeuRx9Kpwb6dbT2zbjACCmM1PPmTQUYjC,"Mr. Derek Friesen",NULL,NULL,NULL,male,"Wed Mar 31 1948 18:26:46 GMT+0900 (한국 표준시)","2023-11-28 22:07:46","2023-11-28 22:07:46"
Santos.Ferry@hotmail.com,NULL,$2b$12$YazY0qDPKD3XYjM0evu4kObLAxHaZ0wi3Zy86wwJvi1wIdAQgCzmS,"Caroline Durgan",NULL,NULL,NULL,female,"Fri Nov 07 1986 03:35:01 GMT+0900 (한국 표준시)","2023-11-28 22:07:57","2023-11-28 22:07:57"
Serena_Weber12@hotmail.com,NULL,$2b$12$CGW1.0wnfLR98ddtxsy75OlL3YwhFe54NXugowimIDx21ME47.PhG,"Estelle Kassulke",NULL,NULL,NULL,male,"Fri Dec 11 1959 05:36:06 GMT+0830 (한국 표준시)","2023-11-28 22:07:51","2023-11-28 22:07:51"
Shaun6@yahoo.com,NULL,$2b$12$EeuI7eENcpfqTrR9gBxExuvmUAzMqdz.LWxsRpuWb.ZR1UUlFuFIq,"Dr. Francis Weimann",NULL,NULL,NULL,male,"Thu Sep 21 1989 23:20:50 GMT+0900 (한국 표준시)","2023-11-28 22:07:55","2023-11-28 22:07:55"
Shyanne.Kozey86@yahoo.com,NULL,$2b$12$hfeaO0VGN8sBjUpZFm8ga.Eo86hfjN7Fm/AK67b5Jus5juvlGWT9.,"Rachael Jakubowski",NULL,NULL,NULL,female,"Sat Feb 24 1973 21:14:13 GMT+0900 (한국 표준시)","2023-11-28 22:06:51","2023-11-28 22:06:51"
Sigmund_Mayer@gmail.com,NULL,$2b$12$jLqvwIadJEgmsWwuryjQruLuqbL4vH1un.abDQ6LMEwcuKsog4wLK,"Pat Marquardt III",NULL,NULL,NULL,male,"Thu Jan 28 1993 06:14:54 GMT+0900 (한국 표준시)","2023-11-28 22:08:08","2023-11-28 22:08:08"
Stella_Botsford50@gmail.com,NULL,$2b$12$d8I6wKEbrL.7u5.CzE.O3ObkQIh3GvVgpWHwZJiU8OxeU8G9R1Mq.,"Muriel Altenwerth",NULL,NULL,NULL,male,"Fri Oct 01 1965 22:09:01 GMT+0900 (한국 표준시)","2023-11-28 22:07:58","2023-11-28 22:07:58"
Susie.Gulgowski99@hotmail.com,NULL,$2b$12$3prKu49xlciaX0QVVO5DN.Mdfr24B3hR3iPTwCYzoUdq/3ZC.en1C,"Lora Lindgren PhD",NULL,NULL,NULL,male,"Sat Dec 31 1977 10:04:22 GMT+0900 (한국 표준시)","2023-11-28 22:08:05","2023-11-28 22:08:05"
Talia_Collins@hotmail.com,NULL,$2b$12$PLm6r.Nl/vYX3ZC1dlO1b.BnoT6hH3q5UlTIDfx32.yckVx3qRuFS,"Javier Borer",NULL,NULL,NULL,female,"Fri Apr 23 2004 13:57:15 GMT+0900 (한국 표준시)","2023-11-28 22:07:51","2023-11-28 22:07:51"
Tessie91@yahoo.com,NULL,$2b$12$tPgUh7hPXbVMp8T4eVOdVu9AZNyiaak7aS7DzTxoYIPQVgPYE.lMK,"Loren Bayer",NULL,NULL,NULL,female,"Sun Aug 13 1950 10:58:38 GMT+1000 (한국 표준시)","2023-11-28 22:07:39","2023-11-28 22:07:39"
Theresa.Price71@hotmail.com,NULL,$2b$12$i1v0TYT9JXUTyxZWtqE3NOeJzZ2bhfFbsFfQMWFq.RvILBMS2C3Sa,"Wilson McDermott",NULL,NULL,NULL,female,"Tue Nov 16 1993 07:33:54 GMT+0900 (한국 표준시)","2023-11-28 22:07:59","2023-11-28 22:07:59"
Thomas94@yahoo.com,NULL,$2b$12$B7o1UcYeMMHEErH1XDHhteTrgpIKNq9jZCKa5wiEQxx8e5CDuFP3a,"Guadalupe Kiehn",NULL,NULL,NULL,male,"Sun Aug 27 1972 04:57:10 GMT+0900 (한국 표준시)","2023-11-28 22:07:55","2023-11-28 22:07:55"
Tina24@gmail.com,NULL,$2b$12$m1jtpOj4ZZN4XW//dkHfw.6KIhkdn3wE8pvfGEYbcX4zQVW7Ri8Zi,"Brent Wuckert",NULL,NULL,NULL,male,"Sun Jan 18 1953 03:21:07 GMT+0900 (한국 표준시)","2023-11-28 22:07:54","2023-11-28 22:07:54"
Walker_Harber95@hotmail.com,NULL,$2b$12$l.tt5m78ouQjGi9aLodiPuVnCrYVttIGlBTJIJdptfWjSyMAVvcCW,"Rodolfo Collins",NULL,NULL,NULL,male,"Sat Jul 17 1943 06:40:03 GMT+0900 (한국 표준시)","2023-11-28 22:07:53","2023-11-28 22:07:53"
Winnifred_Little23@yahoo.com,NULL,$2b$12$4z6jqZ.NmXEUjpMM9NKJa.egP7o5Fxx3KafhrKmBAmliukdsE1b2S,"Shelley Zieme",NULL,NULL,NULL,male,"Thu Sep 27 1973 19:44:20 GMT+0900 (한국 표준시)","2023-11-28 22:07:54","2023-11-28 22:07:54"
